Person1,Person2,Anniversary
Robert Parker,Miss Kelly Miller DVM,1995-03-10
Wendy May,Seth Vasquez,2020-11-15
Bobby Martin MD,Arthur Graham,2003-06-19
Christopher Rogers,Gina Brown,1991-11-20
Erik Curtis,Kathryn Charles,2014-11-12
Michael Villegas,Jeffrey Moran,2019-05-16
Benjamin West,Marcus Jones,2000-12-21
Nicole Landry DVM,Deborah Mendez,2001-12-09
Elizabeth Sanchez,Seth Vasquez,1997-08-15
Kevin Maddox,Kyle Huber,1980-12-09
Micheal Arnold,Brad Robertson,2002-11-10
Nathan Williams,Bryan Cook,1981-03-18
Robin Black,Christopher Phillips,2005-02-11
Kelly Davis,Sheila Beasley,1998-04-07
Lisa Coffey,Matthew Pratt,2015-10-06
Carolyn Briggs,Roger Gibson,2022-01-13
Benjamin Maxwell,Dr. Alex Davis,1974-10-27
Dr. Alex Davis,Jennifer Gallegos,2022-11-11
Patrick Clay,Sergio Todd,1989-07-10
Andrew Contreras,Robert Spencer,1979-07-10
Antonio Lewis,Katelyn Fletcher,2015-05-28
Kayla Gonzalez,Kevin Taylor,1993-09-06
Amanda Gonzales,Isaac Daniels,1991-12-26
Miss April Walker,Mackenzie Holloway,2012-04-06
Jennifer Gill,Robert Parker,2019-11-26
Linda Jordan,Mary Moon,2014-12-29
Renee Davis,Diane Lopez,2012-12-07
David Ochoa,Robert Parker,2023-01-07
Anna Bates,Jacob Hicks,2018-04-04
Jennifer Gill,Mark Evans,2020-02-02
